codigo;nombre;estado;objetivo_indicador;dependencia;proceso;objetivo_proceso;responsable;tipo_indicador;tendencia;periodicidad;fuente_informacion;linea_base;unidad_medida;fecha_creacion;formula;enero;seguimiento_ene;seguimiento_oap_ene;febrero;seguimiento_feb;seguimiento_oap_feb;marzo;seguimiento_mar;seguimiento_oap_mar;abril;seguimiento_abr;seguimiento_oap_abr;mayo;seguimiento_may;seguimiento_oap_may;junio;seguimiento_jun;seguimiento_oap_jun;julio;seguimiento_jul;seguimiento_oap_jul;agosto;seguimiento_ago;seguimiento_oap_ago;septiembre;seguimiento_sep;seguimiento_oap_sep;octubre;seguimiento_oct;seguimiento_oap_oct;noviembre;seguimiento_nov;seguimiento_oap_nov;diciembre;seguimiento_dic;seguimiento_oap_dic;ejecucion_acumulada
APL-01;Número de árboles mantenidos en condiciones adecuadas para su desarrollo;Activo;Aplicar el conocimiento para contribuir en la conservación de la flora del Distrito Capital, a la sostenibilidad ambiental de su territorio y al aprovechamiento de su patrimonio genético a través de actividades de propagación y producción de material vegetal, enriquecimiento y mantenimiento de colecciones vivas del Jardín, mediante los procesos de arborización y jardineria en espacio público, asi como las asistencias técnicas en agricultura urbana y periurbana.;Subdirección Técnica y Operativa;Aplicación del Conocimiento;Aplicar conocimiento para contribuir en la conservación de la flora del Distrito Capital, a la sostenibilidad ambiental de su territorio y al aprovechamiento de su patrimonio genético a través de actividades de producción de material vegetal, enriquecimiento y mantenimiento de colecciones, arborización y agricultura urbana.;Adminsitrador Del Sistema / Profesional Especializado;Eficacia;Creciente;Mensual;•Bases de datos de actividades de mantenimiento a arboaldo joven, manejo integrado de plagas y enfermedades;330229;Número;10/05/2023;(Total del número de arboles mantenidos /Número de árboles programados a mantener) *100;100%;Durante el primer Trimestre de la Vigencia 2023, la Subdirección Técnica Operativa- Oficina de Arborización urbana realizó el mantenimiento de 62434 arboles en la ciudad de Bogotá Distribuidos por línea de la siguiente manera: 459 arboles manejados silviculturalmente en respuesta a los conceptos técnicos de manejo Silvicultural autorizados por la Autoridad Ambiental competente, 14 arboles en reposición, 46499 arboles jóvenes mantenidos mediante actividades de plateo, fertilización, poda, riego y/o tutorado y 15462 arboles intervenidos fitosanitariamente para la prevención y manejo integrado de plagas y enfermedades, en términos acumulativos se ha realizado un avance de la meta programada para la vigencia de 16.4% de los 380.000 arboles programados a mantener.;La Oficina Asesora de Planeación verifica soporte y coincide con el reporte y el análisis del indicador;100%;Durante el primer Trimestre de la Vigencia 2023, la Subdirección Técnica Operativa- Oficina de Arborización urbana realizó el mantenimiento de 62434 arboles en la ciudad de Bogotá Distribuidos por línea de la siguiente manera: 459 arboles manejados silviculturalmente en respuesta a los conceptos técnicos de manejo Silvicultural autorizados por la Autoridad Ambiental competente, 14 arboles en reposición, 46499 arboles jóvenes mantenidos mediante actividades de plateo, fertilización, poda, riego y/o tutorado y 15462 arboles intervenidos fitosanitariamente para la prevención y manejo integrado de plagas y enfermedades, en términos acumulativos se ha realizado un avance de la meta programada para la vigencia de 16.4% de los 380.000 arboles programados a mantener.;La Oficina Asesora de Planeación verifica soporte y coincide con el reporte y el análisis del indicador;100%;Durante el primer Trimestre de la Vigencia 2023, la Subdirección Técnica Operativa- Oficina de Arborización urbana realizó el mantenimiento de 62434 arboles en la ciudad de Bogotá Distribuidos por línea de la siguiente manera: 459 arboles manejados silviculturalmente en respuesta a los conceptos técnicos de manejo Silvicultural autorizados por la Autoridad Ambiental competente, 14 arboles en reposición, 46499 arboles jóvenes mantenidos mediante actividades de plateo, fertilización, poda, riego y/o tutorado y 15462 arboles intervenidos fitosanitariamente para la prevención y manejo integrado de plagas y enfermedades, en términos acumulativos se ha realizado un avance de la meta programada para la vigencia de 16.4% de los 380.000 arboles programados a mantener.;La Oficina Asesora de Planeación verifica soporte y coincide con el reporte y el análisis del indicador;100%;Con corte a Abril de 2023, en el marco del Plan de Desarrollo Un nuevo Contrato Social y Ambiental para la Bogotá del siglo XXI, la Subdirección técnica Operativa- Oficina de Arborización Urbana ha realizado el mantenimiento de 138.834 árboles en la ciudad de Bogotá en la vigencia 2023, Para el mes de abril se realizó el mantenimiento a 76.400 que se distribuye de la siguiente manera de acuerdo a su gestión: Manejo silvicultural para el control del riesgo de 68 árboles, Mantenimiento arbolado joven a 56.447 individuos, MIPE a 19.766 individuos vegetales.;La Oficina Asesora de Planeación verifica soporte y coincide con el reporte y el análisis del indicador;100%;Con corte a Mayo de 2023, en el marco del Plan de Desarrollo Un nuevo Contrato Social y Ambiental para la Bogotá del siglo XXI, la Subdirección técnica Operativa- Oficina de Arborización Urbana ha realizado el mantenimiento de 213.328 árboles en la ciudad de Bogotá en la vigencia 2023, Para el mes de Mayo se realizó el mantenimiento a 74.494 que se distribuye de la siguiente manera de acuerdo a su gestión: Manejo silvicultural para el control del riesgo de 968 árboles, Mantenimiento arbolado joven a 58.260 individuos, MIPE a 15.214individuos vegetales.;La Oficina Asesora de Planeación verifica soporte y coincide con el reporte y el análisis del indicador;100%;En el marco del proyecto 7677, Se realizó el mantenimiento de 50.892 árboles urbanos en el mes de junio de 2023.;La Oficina Asesora de Planeación verifica soporte y coincide con el reporte y el análisis del indicador, se sugiere que la descripción del análisis del indicador sea más amplia.;0%;;;0%;;;0%;;;0%;;;0%;;;0%;;;600
APR-01;Número de Actividades de Educación Ambiental y Participación;Activo;Evidenciar el número de Actividades realizadas por Educación Ambiental y Participación respecto a lo programado;Subdirección Educativa y Cultural;Apropiación del Conocimiento;Adelantar procesos de educación ambiental para apropiar los conocimientos conceptuales, procedimentales y actitudinales de la población del Distrito Capital entorno a situaciones ambientales asociadas al patrimonio natural de la ciudad con el fin de conservar y hacer uso sostenible de la biodiversidad del D.C.;Adminsitrador Del Sistema / Profesional Especializado;Eficacia;Creciente;Mensual;•APR.PR.01.F.11   Reporte de Metas Educación Ambiental •APR.PR.05.F.03   Reporte a Metas Programa de Participación •APR.PR.14.F.04   Reporte de Metas de Agenda Cultural y Académica;6612;Número;23/05/2023;(Número de Actividades de Educación Ambiental y Participación efectivamente realizadas / Número de Actividades de Educación Ambiental y Participación proyectadas a realizar) X 100;100%;El equipo de participación desarrollo 12 actividades tanto presenciales como virtuales (diálogos sociales, socialización de tala, recorrido catalina, acompañamiento, socialización contenidos de participación en territorio polinizando), vinculando 6044 personas. El programa de agenda cultural y académica realizo alrededor de 16 actividades vinculando 8171 personas. El equipo de educación ambiental con sus diferentes líneas de trabajo desarrollo 177 actividades (interpretación ambiental, formación con el curso de botánica, practica verde, cerros, tejiendo la palabra, experiencias ambientales programadas y no programadas) con la vinculación de 39.856 personas.;La Oficina Asesora de Planeación verifica soporte y coincide con el reporte y el análisis del indicador;100%;El equipo de participación desarrollo 77 actividades tanto presenciales como virtuales (diálogos sociales, seguimiento a las redes de cuidadores y cuidadores, recorridos en territorio, plantaciones, y seguimiento a las jornadas de replantando confianza) vinculando 9141 ciudadanos. El programa de agenda cultural y académica realizo alrededor de 10 actividades vinculando 11639 ciudadanos cabe resaltar el jardín de noche. El equipo de educación ambiental con sus diferentes líneas de trabajo desarrollo 249 actividades (interpretación ambiental, formación con los cursos corto de jardinería, de biodiversidad, cambio climático, coberturas vegetales, practica verde, experiencia ambiental en cerros, tejiendo la palabra, experiencias ambientales programadas y no programadas) con la vinculación de 6889 personas. El programa de Naturaleza Salud y Cultura desarrollo 13 actividades (como terapias de naturaleza, respiración consciente desarrolladas en diferentes localidades de la ciudad) vinculando 344 personas.;La Oficina Asesora de Planeación verifica soporte y coincide con el reporte y el análisis del indicador;100%;Educación Ambiental: Se realizaron 390 actividades de educación ambiental entre las cuales (interpretación ambiental, formación con los cursos cambio climático y el tejiendo la palabra con enfoque de tecnologías aplicadas al cuidado del ambiente, practica verde, experiencia ambiental en cerros, experiencias ambientales programadas y no programadas) Participación: Se realizaron 185 actividades de participación (diálogos sociales, seguimiento a las redes de cuidadores y cuidadores, recorridos en territorio, plantaciones, conformación y seguimiento a las jornadas de replantando confianza, jornada de conformación red de cuidadores). Naturaleza Salud y Cultura: En 48 actividades presenciales como terapias de naturaleza, respiración consciente desarrolladas en diferentes localidades de la ciudad.;La Oficina Asesora de Planeación verifica soporte y coincide con el reporte y el análisis del indicador;100%;Para el mes de abril se vincularon ciudadanos en las estrategias de participación, educación ambiental y el programa de naturaleza salud y cultura y la agenda academica y cultural. Se realizaron 412 actividades de educación ambiental entre las cuales (interpretación ambiental con enfoque poblacional, actividades con enfoque etnocultural, formacion con los cursos coberturas vegetales, cambio climatico, botanica, polinizando,y el tejiendo la palabra, practica verde, experiencia ambiental en cerros, experiencias ambientales programadas y no programadas) Se realizaron 161 actividades de participación ( dialogos sociales, seguimiento a las redes de cuidadores y cuidadores, recorridos en territorio,jornadas de replantando confianza, plantaciones.) El programa de Naturaleza Salud y Cultura vinculo cuidadanos, en 35 actividades presenciales como terapias de naturaleza, respiracion consciente rumbo terapia, reverdece tu espiritu, naturalmente, desarrolladas en diferentes localidades. Se realizaron (20) actividades presenciales y virtuales en el marco de la agenda cultural, vinculando ciudadanos en actividades como botanica a la mesa, taller arte al natural,ciencia en escena, propuestas teatrales, talleres en diversas tematicas, conciertos y la jornada de jardin de noche con gran oferta de actividades para todo tipo de publico.;Se aprueba análisis y soportes del indicador para el presente periodo;104,75%;El proceso de apropiación del conocimiento realizo actividades que vincularon a la ciudadanía a las estrategias de educación y participación ambiental para el mes de mayo se realizaron (20) actividades presenciales y virtuales en el marco de la agenda cultural, en actividades como botánica a la mesa, taller arte al natural, jornada día mundial de las aves, letras vivas, taller del artista, ciencia en escena, propuestas teatrales, talleres en diversas temáticas, exposición artista, la jornada de jardín de noche con gran oferta de actividades para todo tipo de publico, entre muchas otras. Se realizaron 415 actividades de educación ambiental entre las cuales (interpretación ambiental con enfoque poblacional, actividades con enfoque etnocultural, formación con los cursos coberturas vegetales, cambio climático, botánica, curso de biodiversidad, tejiendo la palabra, practica verde, experiencia ambiental en cerros, experiencias ambientales programadas y no programadas) Se realizaron 151 actividades de participación ( diálogos sociales, seguimiento e implementación a las redes de cuidadores y cuidadores, espacios de dialogo, recorridos en territorio, jornadas de replantando confianza, plantaciones.) El programa de Naturaleza Salud y Cultura desarrollo 53 actividades presenciales como terapias de naturaleza, respiración consciente rumbo terapia, reverdece tu espíritu, naturalmente, desarrolladas en diferentes localidades y en las manzanas del cuidado.;La Oficina Asesora de Planeación verifica soporte y coincide con el reporte y el análisis del indicador;116,38%;Para el mes de Junio se realizaron un total de 682 actividades de la siguiente manera: El programa de agenda cultural y académica realizo (23) actividades presenciales y virtuales en el marco de la agenda cultural, en actividades como jornadas de teatro en colegios, taller arte al natural, botánica a la mesa, letras vivas, ciencia en escena, jardín del conocimiento, y algunos eventos como el encuentro de ilustración, el jardín de noche, día mundial del ambiente, que son jornadas que incluyen subactividades. Se realizaron 426 actividades de educación ambiental entre las cuales (interpretación ambiental con enfoque poblacional, actividades con enfoque etnocultural, formación con los cursos de biodiversidad, de agua, de cambio climático, de jardinería, tejiendo la palabra, practica verde, experiencia ambiental en cerros, experiencias ambientales programadas y no programadas) para este mes cabe resaltar el club de ciencia para niños realizado. Se realizaron 168 actividades de participación ( diálogos sociales, seguimiento e implementación a las redes de cuidadores y cuidadores, jornadas de replantando, recorridos en territorio, acompañamiento a las plantaciones, talleres de propagación, jornadas de sensibilización, jornadas de reconocimiento, cabe resaltar para este mes la jornada de dialogo ciudadano con la comunidad el Guali.) El programa de Naturaleza Salud y Cultura realizo 65 actividades presenciales como terapias de naturaleza, sano activo y feliz, y la 2° SESIÓN - CURSO EL PODER TERAPÉUTICO DE LA NATURALEZA PARA EDUCADORES AMBIENTALES Y LIDERES COMUNITARIOS DEL DISTRITO, desarrolladas en diferentes localidades y en las manzanas del cuidado.;La Oficina Asesora de Planeación verifica soporte y coincide con el reporte y el análisis del indicador.;0%;;;0%;;;0%;;;0%;;;0%;;;0%;;;No aplica
APR-02;Grado de satisfacción en el Programa de Agenda Cultural y Académica;Activo;Medir el grado de satisfacción por parte de la ciudadanía participante en el Programa de Agenda Cultural y Académica;Subdirección Educativa y Cultural;Apropiación del Conocimiento;Adelantar procesos de educación ambiental para apropiar los conocimientos conceptuales, procedimentales y actitudinales de la población del Distrito Capital entorno a situaciones ambientales asociadas al patrimonio natural de la ciudad con el fin de conservar y hacer uso sostenible de la biodiversidad del D.C.;José David Hernández Manrique / Contratista;Eficacia;Creciente;Trimestral;•APR.PR.14.F.03 Encuesta de satisfacción Reporte de encuestas de percepción y satisfacción de la agenda cultural y académica. (pregunta #6) •DYP.F.08 Ficha tecnica - Encuesta de Satisfaccion;248;Número;10/05/2023;(Número de encuestados satisfechos en el programa de Agenda Cultural y Académica / Número total de encuestados en el programa de Agenda Cultural y Académica ) X 100;;;;;;;99,52%;Para el I trimestre del 2023, correspondiente a los meses de enero, febrero, marzo, se efectuaron 210 encuestas de manera voluntaria a los participantes de las actividades de la agenda cultural y académica, de los cuales 209 personas manifestaron sentirse satisfechos de las actividades realizadas, con algunos comentarios como, por ejemplo: Los felicito muy interesante Hay mucha información. Aprendí mucho Todo está muy bonito Felicitaciones un espacio muy educativo son algunos de los comentarios de los usuarios, que manifestaron su alto grado de satisfacción de las actividades desarrolladas por el programa de agenda cultural y académica para este trimestre. Los porcentajes de satisfacción también inciden en que las personas quieran volver a participar en próximas actividades.;La Oficina Asesora de Planeación verifica soporte y coincide con el reporte y el análisis del indicador;;;;;;;98,70%;Analizamos que este segundo trimestre la población se sintió más a gusto con las actividades realizadas desde la agenda académica y cultural, de las 77 personas encuestadas solo 1 califico como regular, así mismo se indican comentarios muy positivos como : todo genial los felicito felicitarlos por este espacio tan bonito y la oferta cultural entre otros.;La Oficina Asesora de Planeación verifica soporte y coincide con el reporte y el análisis del indicador;;;;;;;0%;;;;;;;;;0%;;;No aplica
APR-03;Grado de satisfacción en el Programa de Educación Ambiental;Activo;Medir el grado de satisfacción por parte de la ciudadanía participante en el Programa de Educación Ambiental;Subdirección Educativa y Cultural;Apropiación del Conocimiento;Adelantar procesos de educación ambiental para apropiar los conocimientos conceptuales, procedimentales y actitudinales de la población del Distrito Capital entorno a situaciones ambientales asociadas al patrimonio natural de la ciudad con el fin de conservar y hacer uso sostenible de la biodiversidad del D.C.;José David Hernández Manrique / Contratista;Efectividad;Creciente;Trimestral;•Formato de encuesta APR.PR.01.F.09 Encuesta de Educacion Ambiental, aplicadas a los participantes de los procesos pedagogicos desarrollados en el JBB, calificadas con puntuación bueno o excelente - Pregunta N°8 •DYP.F.08 Ficha tecnica - Encuesta de Satisfaccion;1491;Número;8/05/2023;(Número de encuestados satisfechos en la aplicación de la encuesta de satisfacción del Programa de Educación Ambiental / Número total de encuestados en el Programa de Educación Ambiental ) X 100;;;;;;;99,79%;Para el I trimestre del 2023, correspondiente a los meses de enero, febrero, marzo, se efectuaron 482 encuestas a los participantes de las actividades de educación ambiental, de los cuales 481 personas calificaron como bueno y excelente su grado de satisfacción con respecto a las actividades, con algunas comentarios como por ejemplo: Los recorridos fueron interesante y muy enriquecedor Encantador el aprendizaje Felicitaciones, excelente trabajo gracias por la oportunidad de iniciar el conocimiento de las aves y entorno entre muchos otros. Los comentarios de los participantes en su mayoría fueron muy positivos, se identifica que en las diferentes actividades que se ofrecen desde el equipo de educación ambiental los encuestados quedaron satisfechos y agradecidos con el aprendizaje compartido por el educador.;La Oficina Asesora de Planeación verifica soporte y coincide con el reporte y el análisis del indicador;;;;;;;100%;Durante este II Trimestre, la calificación en las actividades realizadas por el equipo de educación ambiental, fueron muy positivas toda vez que los 618 ciudadanos encuestados todos respondieron como excelente y bueno el grado de satisfacción. Ademàs se indican comentarios como: Todo excelente Todo excelente Bastante fructífera la información y los espacios vistos entre muchos otros.;La Oficina Asesora de Planeación verifica soporte y coincide con el reporte y el análisis del indicador;;;;;;;0%;;;;;;;;;0%;;;No aplica
APR-04;Grado de satisfacción en las acciones de participación en el territorio;Activo;Medir el grado de satisfacción por parte de la ciudadanía en las acciones de participacion en el territorio;Subdirección Educativa y Cultural;Apropiación del Conocimiento;Adelantar procesos de educación ambiental para apropiar los conocimientos conceptuales, procedimentales y actitudinales de la población del Distrito Capital entorno a situaciones ambientales asociadas al patrimonio natural de la ciudad con el fin de conservar y hacer uso sostenible de la biodiversidad del D.C.;José David Hernández Manrique / Contratista;Efectividad;Creciente;Trimestral;•Formato de encuesta APR.PR.05.F.05 Encuesta de satisfaccion de actividades de participacion, calificadas con puntuación 4 y/o 5 - Pregunta N°5 •DYP.F.08 Ficha tecnica - Encuesta de Satisfaccion;93;Número;10/05/2023;(Número de encuestados satisfechos en la aplicación de la encuesta de satisfacción de las acciones de participación en el territorio / Número total de encuestados en las acciones de participación en el territorio) X 100;;;;;;;98,41%;Para el I trimestre del 2023, correspondiente a los meses de enero, febrero, marzo, se efectuaron 377 encuestas a los participantes de las actividades de participación, de los cuales 371 personas manifestaron sentirse satisfechos de las actividades realizadas en las que participaron indicando que fue agradable y de gran aprendizaje, dejando algunos comentarios: “Excelente actividad, deberían realizarlas más seguido, “El taller estuvo excelente”, entre otros, lo anterior son algunos de los tantos comentarios positivos que se reciben a diario por las actividades que desde el equipo de participación se realizan, reconociendo el impacto en las comunidades y el gran trabajo de los profesionales a cargo de las estas. El 98% de los usuarios manifiestan satisfacción y agradecimiento.;La Oficina Asesora de Planeación verifica soporte y coincide con el reporte y el análisis del indicador;;;;;;;93,09%;Para este trimestre evidenciamos que los niveles de calificación en cuanto al grado de satisfacción son altos siendo 4 y 5 las opciones mas marcadas por los encuestados, de las 1244 personas 1158 se sintieron satisfechos, encontrando comentarios: “Excelente proceso de sensibilización, esperamos continuar con la compañía de ustedes para el desarrollo de más actividades”, “Excelente proceso de sensibilización, esperamos continuar con la compañía de ustedes para el desarrollo de más actividades Excelente trabajo que realizan, gracias por detenernos de nuestras actividades para compartir con la naturaleza.;La Oficina Asesora de Planeación verifica soporte y coincide con el reporte y el análisis del indicador;;;;;;;0%;;;;;;;;;0%;;;No aplica
APR-05;Porcentaje de conocimientos adquiridos posterior al proceso de formación en el programa de servicio social ambiental;Activo;Evaluar las capacidades del saber en el proceso de formación del programa de servicio social ambiental;Subdirección Educativa y Cultural;Apropiación del Conocimiento;Adelantar procesos de educación ambiental para apropiar los conocimientos conceptuales, procedimentales y actitudinales de la población del Distrito Capital entorno a situaciones ambientales asociadas al patrimonio natural de la ciudad con el fin de conservar y hacer uso sostenible de la biodiversidad del D.C.;José David Hernández Manrique / Contratista;Efectividad;Creciente;Semestral;•Prueba pre y post de conocimiento para el programa de servicio social ambiental;13;Número;8/05/2023;((Promedio de resultado prueba Post-Promedio de resultado prueba Pre) / Promedio de resultado prueba Pre) x 100;;;;;;;;;;;;;;;;18,18%;Para el ciclo I-2023, se tuvieron en cuenta las respuestas de la prueba pre y post de 514 estudiantes que respondieron ambas pruebas e hicieron parte del programa de Servicio social Ambiental del Jardín Botánico de Bogotá. En la sistematización de las respuestas, se puede evidenciar que hubo un cambio significativo en las respuestas de los estudiantes una vez iniciado el programa y al final del programa dado que, al revisar la prueba PRE con respecto a la prueba POST, los estudiantes tuvieron más respuestas correctas, lo que permite establecer que hubo un cambio conceptual en los estudiantes gracias al proceso formativo y practico del servicio social ambiental en el Jardín Botánico de Bogotá.;La Oficina Asesora de Planeación verifica soporte y coincide con el reporte y el análisis del indicador.;;;;;;;;;;;;;;;;0%;;;No aplica
GCO-01;Grado de Satisfacción de los usuarios de comunicaciones internas del Jardín Botánico, producidas desde la Subdirección Educativa y Cultural;Activo;Medir el grado de satisfacción de los usuarios de comunicaciones internas del Jardin Botánico, producidas desde la Subdirección Educativa y Cultural;Secretaría General;Comunicaciones;Comunicar interna y externamente la gestión del Jardín Botánico de Bogotá josé Celestino Mutis, con el fin de promover la construcción de una visión compartida, apoyar la rendición de cuentas y suministrar información de manera oportuna.;José David Hernández Manrique / Contratista;Efectividad;Creciente;Semestral;•Reporte de encuestas de satisfacción virtual de comunicaciones internas con calificación satisfecho o muy satisfecho •DYP.F.08 Ficha tecnica - Encuesta de Satisfaccion;75;Número;8/05/2023;(Número de colaboradores satisfechos / total de colaboradores encuestados) X 100;;;;;;;;;;;;;;;;83,70%;Con el fin de conocer el grado de satisfacción de los funcionarios y contratistas sobre las herramientas de comunicaciones interna implementadas en aras de mejorar las Comunicaciones internas del Jardín Botánico de Bogotá José Celestino Mutis, durante el primer semestre de 2023 se aplicó la encuesta de satisfacción de percepción de comunicación interna, la herramienta fue enviada a 730 personas aproximadamente, de las cuales contestaron 135 personas, es decir, un 18,4 % del total convocados a participar en dicho instrumento se pudo evidenciar que 99% de los participantes encuentra interesante la información difundida. También se pudo establecer que 113 personas del universo consultado (84%) declaran estar satisfechos con la información que se divulga en tanto que y el porcentaje restante de los destinatarios opinan lo contrario.;La Oficina Asesora de Planeación verifica soporte y coincide con el reporte y el análisis del indicador;;;;;;;;;;;;;;;;0%;;;No aplica
GCO-02;Variacion de seguidores en las redes sociales del JBB;Activo;Medir variacion de los seguidores en las redes sociales del Jardin Botanico de Bogota;Secretaría General;Comunicaciones;Comunicar interna y externamente la gestión del Jardín Botánico de Bogotá josé Celestino Mutis, con el fin de promover la construcción de una visión compartida, apoyar la rendición de cuentas y suministrar información de manera oportuna.;José David Hernández Manrique / Contratista;Efectividad;Creciente;Semestral;•Informe de estrategia digital para redes sociales (FB, TW,IG,YT,TT);19;Cantidad;8/05/2023;(Seguidores en las redes sociales del JBB del periodo actual - Seguidores en las redes sociales del JBB del periodo anterior) / Seguidores en las redes sociales del JBB del periodo anterior X 100;;;;;;;;;;;;;;;;15,14%;Durante el primer semestre se incrementó el numero de seguidores en las redes sociales del Jardín Botánico con respecto al periodo anterior. El incremento de seguidores se dio por la implementación de la estrategia digital, el alimentar con contenido de calidad las redes sociales, que sea atractivo para los seguidores y revisar el contenido a publicar.;La Oficina Asesora de Planeación verifica soporte y coincide con el reporte y el análisis del indicador;;;;;;;;;;;;;;;;0%;;;No aplica
GCO-03;Porcentaje de Engagement en las redes sociales del JBB;Activo;Medir el grado de interaccion por parte de los seguidores en las redes sociales del Jardin Botanico de Bogota;Secretaría General;Comunicaciones;Comunicar interna y externamente la gestión del Jardín Botánico de Bogotá josé Celestino Mutis, con el fin de promover la construcción de una visión compartida, apoyar la rendición de cuentas y suministrar información de manera oportuna.;José David Hernández Manrique / Contratista;Efectividad;Creciente;Semestral;•Reporte Excel de metricas;0;Cantidad;8/05/2023;(Interacciones en las redes sociales del JBB del periodo actual / Usuarios Alcanzados en las redes sociales del JBB del periodo actual) X 100;;;;;;;;;;;;;;;;6,20%;Los resultados para este I semestre de 2023 son satisfactorios, pese a la eliminación en la verificación de Twitter, que hace perder alcance e interacciones en el contenido. El comportamiento de las redes ha cambiado debido a las políticas implementadas en las distintas redes sociales por contenido.;La Oficina Asesora de Planeación verifica soporte y coincide con el reporte y el análisis del indicador;;;;;;;;;;;;;;;;0%;;;No aplica
CDI-01;Realizar seguimiento al porcentaje de quejas de carácter disciplinario allegadas a la Oficina de Control Disciplinario para su evaluación;Activo;Prevenir y sensibilizar a los servidores públicos frente a conductas que infrinjan un deber funcional que afecte el servicio prestado por ellos, adelantando los procesos que permitan determinar la responsabilidad disciplinaria de los funcionarios y exfuncionarios de la entidad.;Oficina de Control Interno Disciplinario;Control Disciplinario Interno;Prevenir y sensibilizar a los servidores públicos frente a conductas que infrinjan un deber funcional que afecte el servicio prestado por ellos, adelantando los procesos que permitan determinar la responsabilidad disciplinaria de los funcionarios y exfuncionarios de la entidad.;José David Hernández Manrique / Contratista;Eficacia;Creciente;Trimestral;•CDI.PR.01.F.22 Base Datos Expedientes Disciplinarios;100;Número;8/05/2023;(No. de quejas disciplinarias que iniciaron tramite de respuesta/ No. de quejas disciplinarias recibidas)*100;;;;;;;100%;Se realiza el cargue de las evidencias, manifestando lo siguiente, dentro de las evidencias se puede observar que a todas las quejas, recibidas se les ha empezado el tramite procesal, dandole aperrtura al respectivo expediente y en 7 de las 7 quejas recibidas este año, se ha proferido ya auto que avoca el conocimiento de la respectiva actuacion.;La Oficina Asesora de Planeación verifica soporte y coincide con el reporte y el análisis del indicador;;;;;;;100%;A la fecha se han recibido 11 quejas, y se ha iniciado trámite de apertura de expediente y auto de avoca conocimiento a las 11 quejas presentadas.;La Oficina Asesora de Planeación verifica soporte y coincide con el reporte y el análisis del indicador;;;;;;;0%;;;;;;;;;0%;;;No aplica
DYP-01;Grado de Satisfacción de los Lideres de procesos y/o Enlaces de planeación del Jardín Botánico;Activo;Medir el grado de satisfacción de los Lideres de procesos y/o Enlaces de planeación respecto a la Calidad y Oportunidad de respuesta ofrecida por la Oficina Asesora de Planeación;Oficina Asesora de Planeación;Direccionamiento y Planeación Estratégico;"Direccionar la formulación de los planes, programas y proyectos de la Entidad y realizar el seguimiento para coadyuvar al cumplimiento de la Plataforma Estratégica institucional; alineado a la implementación, sostenibilidad y mejora del Sistema de Gestión";José David Hernández Manrique / Contratista;Efectividad;Creciente;Semestral;•Reporte de resultados de encuestas de satisfacción virtual con calificación 4 o 5;71;Número;8/05/2023;(Número de enlaces satisfechos / Total de enlaces encuestados) X 100;;;;;;;;;;;;;;;;79,17%;Se obtuvieron 19 calificaciones puntuadas entre 4 y 5 de un total de 24 encuestados, obteniendo así un resultado de 79,17.;La Oficina Asesora de Planeación verifica soporte y coincide con el reporte y el análisis del indicador;;;;;;;;;;;;;;;;0%;;;No aplica
OCI-01;Nivel de satisfacción/percepción de los clientes internos;Activo;Identificar el nivel de satisfaccion de los clientes internos para cada vigencia;Oficina de Control Interno;Evaluación, Control y Mejora;Evaluar y acompañar la gestión de la entidad en el marco del sistema de control interno, promoviendo la eficacia y eficiencia en su operación, generando valor para la toma de decisiones que conlleven al cumplimiento de los lineamientos establecidos por la alta dirección y la normatividad vigente.;Adminsitrador Del Sistema / Profesional Especializado;Efectividad;Creciente;Semestral;•Evaluaciones de Satisfacción diligenciadas en el periodo;88;Cantidad;10/05/2023;(Sumatoria total de las calificaciones obtenidas en las evaluaciones de satisfacción aplicadas en el periodo / (Cantidad de Evaluaciones de satisfacción aplicadas en el periodo * cantidad de preguntas en la evaluación)*10;;;;;;;;;;;;;;;;91,33%;Durante los primeros días de Julio, se envió la Encuesta de Satisfacción a 54 colaboradores identificados (directivos-enlaces MIPG) , obteniendo respuesta de 30 encuestas diligenciadas, con un resultado del 91,3% de calificación. Los resultados generales fueron: la pregunta que tuvo una calificación mas baja fue la No. 1 y la que obtuvo mejor calificación es la No.7 que evalúa en general el desempeño de la OCI. Con respecto al I semestre 2023, se evidencia una mayor participación de los funcionarios y/o contratistas en la cantidad de encuestas diligenciadas, así mismo, un comportamiento decreciente de 5 puntos en el resultado del indicador de gestión “Nivel de satisfacción/percepción de los clientes internos” del proceso ECM – Evaluación, control y mejora. Lo cual evidencia una debilidad en la percepción que tienen los enlaces respectos al valor agregado que genera las auditorias realizadas por la OCI y los seguimientos que se realizan.;La Oficina Asesora de Planeación verifica soporte y coincide con el reporte y el análisis del indicador. Se sugiere revisar el grupo focal, debido a que los enlaces MIPG y Directivos son menos de 54 personas, igualmente, se recomienda especificar el momento en que se efectuara la encuesta. Durante el periodo o al finalizar el periodo.;;;;;;;;;;;;;;;;0%;;;No aplica
GCT-01;Gestión Precontractual;Activo;Establecer el grado de eficacia de la Oficina Asesora Jurídica en el trámite de solicitudes de contratos en todas las modalidades de selección.;Oficina Asesora Jurídica;Gestión Contractual;Realizar los procesos de contratación para la adquisiciones de los bienes, obras y servicios requeridos por las Dependencias de la Entidad para el cumplimiento de sus fines institucionales, lo cual incluye el desarrollo de las etapas precontractual, contractual y postcontractual.;José David Hernández Manrique / Contratista;Eficacia;Creciente;Trimestral;Base de datos OAJ;100;Número;10/05/2023;(Número de contratos suscritos en el periodo / Numero de solicitudes de contratación en cualquier modalidad radicadas)*100;;;;;;;94,48%;Para el período Enero- Marzo de 2023, se radicaron en la Oficina Jurídica 960 solicitudes de revisión y elaboración de contratos en cualquier modalidad Así mismo, se suscribieron 907 Contratos nuevos. Cabe aclarar, que 21 de las solicitudes de contratación Directa no culminaron toda vez, algunas solicitudes fueron desistida por el área y otras por el contratista luego de haberse realizado el trámite. Para procesos de selección se radicaron 37 solicitudes de contratación de los cuales 20 fueron adjudicados y contratados,1 declarado desierto, 6 se encuentran en ajustes del área, 7 publicado en pliego borrador / definitivos, 2 se encuentran en revisión de la OAJ luego de ajustar las observaciones realizadas y 1 en revisión inicial.;La Oficina Asesora de Planeación verifica soporte y coincide con el reporte y el análisis del indicador;;;;;;;89,47%;Para el período Abril-junio de 2023, se radicaron en la Oficina Jurídica 152 solicitudes de revisión y elaboración de contratos en cualquier modalidad Así mismo, se suscribieron 136 Contratos nuevos. Cabe aclarar, que 6 de las solicitudes de contratación Directa no culminaron toda vez que algunas solicitudes fueron desistidas por el área y otras por el contratista luego de haberse realizado el trámite. Para procesos de selección se radicaron 42 solicitudes de contratación de los cuales 18/ fueron adjudicados y contratados,4 devueltos al área, 4 procesos se encuentran en revisión inicial, 4 en ajustes del área, 7 publicados en pliego borrador / definitivos, 3 están en evaluación y 2 se encuentran en revisión de la OJ luego de ajustar las observaciones realizadas. Teniendo en cuenta los resultados, el desempeño de la Oficina Jurídica fue sobresaliente en este período, toda vez se gestionaron todas las solicitudes allegadas en el periodo y se validaron las observaciones realizadas.;La Oficina Asesora de Planeación verifica soporte y coincide con el reporte y el análisis del indicador;;;;;;;0%;;;;;;;;;0%;;;No aplica
TEC-01;Porcentaje de Tickets solucionados;Activo;Medir el porcentaje de Tickets solucionados;Secretaría General;Gestión de la Tecnología;Administrar y mantener la infraestructura de hardware, software, redes y comunicaciones que conforman la plataforma tecnológica que soporta los procesos misionales y de apoyo del Jardín Botánico José Celestino Mutis, mediante la adopción de las mejores prácticas basadas en la metodologia ITIL (Biblioteca de Infraestrucutra de Tencologías de la Información), la aplicación de la norma ISO 27001 para protección de activos tecnológicos, adopción de los líneamientos y estándares de los habilitadores transversales de la Política de Gobierno Digital del estado Colombiano.;Adminsitrador Del Sistema / Profesional Especializado;Eficacia;Creciente;Mensual;•V1. Reporte mensual de requerimientos e incidencias registradas en el aplicativo de mesa de Ayuda GLPI.;100;Número;9/05/2023;(Número de requerimientos e incidencias con estado cerrado en el aplicativo GLPI / Total de requerimientos e incidencias de soporte tecnico registrados en el aplicativo GLPI)*100;99,49%;Se representa una efectividad de cierre de casos del 99%. En donde se encuentra para el mes de enero 195 casos reportados, 194 fueron atendidos y cerrados 1 en espera por adquisición de repuesto de la impresora;La Oficina Asesora de Planeación verifica soporte y coincide con el reporte y el análisis del indicador;98,41%;Se representa una efectividad de cierre de casos del 98%, en donde se encuentra para el mes de febrero 251 casos reportados, 247 fueron atendidos y cerrados 4 en espera pendiente de realizar actividad.;La Oficina Asesora de Planeación verifica soporte y coincide con el reporte y el análisis del indicador;101,02%;Se representa una efectividad de cierre de casos del 101%, en donde se cuentan los casos pendientes de meses anteriores y los casos del mes de marzo. Se atienden los casos del mes de marzo, con una efectividad de cierre de casos del 99%, en donde se tiene 196 casos reportados, 194 fueron atendidos y cerrados y 2 en asignado pendiente de realizar actividad.;La Oficina Asesora de Planeación verifica soporte y coincide con el reporte y el análisis del indicador;98,85%;Para el periodo se registró un 98.98% de ejecución en el cierre de requerimientos e incidencias en el aplicativo GLPI. Durante el periodo se registraron un total de 174 requerimientos o incidencias en la herramienta, de las cuales 172 fueron cerrados dentro del periodo.;La Oficina Asesora de Planeación verifica soporte y coincide con el reporte y el análisis del indicador;98,17%;Se representa una efectividad de cierre de casos del 98%, en donde se cuentan los casos pendientes de meses anteriores y los casos del mes de mayo. Se tienen 164 casos reportados, 161 fueron atendidos y cerrados y 3 en espera pendiente de realizar actividades.;La Oficina Asesora de Planeación verifica soporte y coincide con el reporte y el análisis del indicador;97,48%;Se atienden los casos del mes de junio, con una efectividad de cierre de casos del 97%, en donde se tiene 159 casos reportados, 155 fueron atendidos y cerrados.;La Oficina Asesora de Planeación verifica soporte y coincide con el reporte y el análisis del indicador;0%;;;0%;;;0%;;;0%;;;0%;;;0%;;;No aplica
TEC-02;Disponibilidad de la plataforma de servidores;Activo;Determinar la eficacia de la plataforma tecnológica a partir de la medida de tiempo en que estuvo disponible para su uso.;Secretaría General;Gestión de la Tecnología;Administrar y mantener la infraestructura de hardware, software, redes y comunicaciones que conforman la plataforma tecnológica que soporta los procesos misionales y de apoyo del Jardín Botánico José Celestino Mutis, mediante la adopción de las mejores prácticas basadas en la metodologia ITIL (Biblioteca de Infraestrucutra de Tencologías de la Información), la aplicación de la norma ISO 27001 para protección de activos tecnológicos, adopción de los líneamientos y estándares de los habilitadores transversales de la Política de Gobierno Digital del estado Colombiano.;Adminsitrador Del Sistema / Profesional Especializado;Efectividad;Creciente;Mensual;•Reporte de Información de la herramienta NAGIOS.;99,76;Número;9/05/2023;((Total horas del mes - Horas totales de caídas no programadas) / Total horas del mes)*100;100%;En este mes se tuvo un 100% de disponibilidad, no se presentó ninguna falla o indisponibilidad;La Oficina Asesora de Planeación verifica soporte y coincide con el reporte y el análisis del indicador;100%;En este mes se tuvo un 100% de disponibilidad, no se presentó ninguna falla o indisponibilidad;La Oficina Asesora de Planeación verifica soporte y coincide con el reporte y el análisis del indicador;100%;En este mes se tuvo un 100% de disponibilidad, no se presentó ninguna falla o indisponibilidad;La Oficina Asesora de Planeación verifica soporte y coincide con el reporte y el análisis del indicador;100%;En este mes se tuvo un 100% de disponibilidad, no se presentó ninguna falla o indisponibilidad;La Oficina Asesora de Planeación verifica soporte y coincide con el reporte y el análisis del indicador;100%;En este mes se tuvo un 100% de disponibilidad, no se presentó ninguna falla o indisponibilidad;La Oficina Asesora de Planeación verifica soporte y coincide con el reporte y el análisis del indicador;100%;En este mes se tuvo un 100% de disponibilidad, no se presentó ninguna falla o indisponibilidad;La Oficina Asesora de Planeación verifica soporte y coincide con el reporte y el análisis del indicador;0%;;;0%;;;0%;;;0%;;;0%;;;0%;;;No aplica
FCR-01;Eficacia en los pagos;Activo;Controlar la gestión de cumplimiento de los diez (10) días hábiles siguientes a la radicación del informe de pago por parte de los contratistas por prestación de servicios.;Secretaría General;Gestión de Recursos Financieros;Administrar, registrar y controlar los recursos financieros del Jardín Botánico de Bogotá José celestino Mutis conforme a las normas legales vigentes y los principios organizacionales que garanticen la disponibilidad de recursos económicos para el cumplimiento de las metas, proyectos y programas determinados;Adminsitrador Del Sistema / Profesional Especializado;Eficacia;Creciente;Mensual;•Sistema OPGET - Si Capital (reporte de pagos);99;Número;9/05/2023;(Cuentas de Cobro pagadas dentro de los diez (10) días hábiles después de su radicación / Cuentas de Cobro recibidas en el mes) *100;100%;Descripción: Para el mes de enero se realizó el pago de las cuentas constituidas como cuentas por pagar, dando cumplimiento a la Circular N.° 15 del 30 de septiembre de 2022 del JBB, de acuerdo con lo definido en las Circulares Circular DDT-07 del 23 de noviembre de 2022 de la Secretaría Distrital de Hacienda (Vigencia 2022 – Programación de pagos y cierre de operaciones de Tesorería) y que corresponden al periodo 01-12-2022 al 31-12-2022.;La Oficina Asesora de Planeación verifica soporte y coincide con el reporte y el análisis del indicador;100%;Descripción: Se tramitaron desde la tesorería del Jardín Botánico el total de: 708 Órdenes de Pago por concepto de prestación de servicios (Persona Natural), se pagaron el 100% de estas dentro de los 10 días hábiles.;La Oficina Asesora de Planeación verifica soporte y coincide con el reporte y el análisis del indicador;99,78%;Descripción: Se tramitaron desde la tesorería del Jardín Botánico el total de: 896 Órdenes de Pago por concepto de prestación de servicios (Persona Natural), pagando el 100% de estas. Dentro de los 10 días hábiles se pagaron el total de 894 cuentas que representa el 99.8%, y 2 cuentas de cobro pagadas el 11 día hábil posterior al día de radicación.;La Oficina Asesora de Planeación verifica soporte y coincide con el reporte y el análisis del indicador;100%;ABRIL. Descripción: Se tramitaron desde la tesorería del Jardín Botánico el total de: 948 Órdenes de Pago por concepto de prestación de servicios (Persona Natural), pagando el 100% de estas cuentas dentro de los 10 días hábiles que representa el 100%. Análisis: Para el mes abril de 2023, se realizó el proceso de pago en un 100% de las cuentas, entre el 1 y el 10 día hábil posterior a la fecha de radicación de los informes de pago (persona natural), lo cual obedece al desarrollo del proceso de central de cuentas implementado por el área de tesorería, que busca reducir los tiempos para pago.;La Oficina Asesora de Planeación verifica soporte y coincide con el reporte y el análisis del indicador;100%;Descripción: Se tramitaron desde la tesorería del Jardín Botánico el total de: 974 Órdenes de Pago por concepto de prestación de servicios (Persona Natural), pagando el 100% de estas cuentas dentro de los 10 días hábiles que representa el 100%. Análisis: Para el mes de mayo de 2023, se realizó el proceso de pago en un 100% de las cuentas, entre el 1 y el 10 día hábil posterior a la fecha de radicación de los informes de pago (persona natural), lo cual obedece al desarrollo del proceso de central de cuentas implementado por el área de tesorería, que busca reducir los tiempos para pago.;La Oficina Asesora de Planeación verifica soporte y coincide con el reporte y el análisis del indicador;99,59%;JUNIO. Descripción: Se tramitaron desde la tesorería del Jardín Botánico el total de: 970 Órdenes de Pago por concepto de prestación de servicios (Persona Natural), pagando el 99.6% de estas cuentas dentro de los 10 días hábiles y el 0.4% después del 11 día hábil. Análisis: Para el mes de junio de 2023, se realizó el proceso de pago en un 99.6% de las cuentas, entre el 1 y el 10 día hábil posterior a la fecha de radicación de los informes de pago (persona natural), lo cual obedece al desarrollo del proceso de central de cuentas implementado por el área de tesorería, que busca reducir los tiempos para pago. El 0.4% de las cuentas corresponde a la implementación del nuevo botón de elaboración de la OP interfaz con SiCapital y el aplicativo central de cuentas, el botón de causación y el proceso de cargue en BogData. Por lo tanto, existen variables que pueden afectar el proceso de pago durante la puesta en marcha del aplicativo central de cuentas, como lo son: fallas e intermitencias en el sistema durante el proceso de prueba y ejecución de las opciones desarrolladas y la implementación de procesos de contingencia cuando el sistema presentaba errores. Además, el día adicional que requiere la secretaria Distrital de Hacienda para aplicación del pago una vez finalizado el proceso en la tesorería del Jardín Botánico.;La Oficina Asesora de Planeación verifica soporte y coincide con el reporte y el análisis del indicador;0%;;;0%;;;0%;;;0%;;;0%;;;0%;;;No aplica
FIS-01;Solicitudes tramitadas a tiempo por almacén;Activo;Determinar el porcentaje de solicitudes atendidas o tramitadas a tiempo por el almacén que cumplan con los criterios establecidos para su gestión.;Secretaría General;Gestión de Recursos Físicos;Administrar, gestionar y custodiar los recursos físicos a cargo del Jardín Botánico José Celestino Mutis;Adminsitrador Del Sistema / Profesional Especializado;Eficacia;Creciente;Mensual;•Solicitudes de los movimientos realizados carpetas ubicadas en el área de almacen •Comprobantes registrados en el sistame de inforamción SI CAPITAL •Correos institucionales;100;Número;9/05/2023;(No de solicitudes atendidas / No total de solicitudes recibidas) *100;100%;Enero: Descripción: En el mes de enero de 2023 se recibieron 319 paz y Salvos 4 Entradas al Almacén, 15 Salidas de Consumo, 9 Salidas al servicio Devolutivos, 5 Traslados entre funcionarios y 0 Reintegros Devolutivos. Análisis: Para el mes de enero hubo gran aumento de paz y salvos teniendo en cuenta que la Entidad finalizaron varios contratos de prestación de servicio también hubo un aumento en los movimientos de recursos físicos (bienes de consumo) por el ingreso de todos los operarios en el Jardín Botánico.;La Oficina Asesora de Planeación verifica soporte y coincide con el reporte y el análisis del indicador;100%;Febrero:Descripción: En el mes de febrero de 2023 se recibieron 132 paz y Salvos, 8 Entradas al Almacén, 106 Salidas de Consumo, 11 Salidas al servicio Devolutivos, 58 Traslados entre funcionarios y 3 Reintegros Devolutivos. Análisis: Para el mes de febrero hubo una gran disminución de paz y salvos por que hubo pocas terminaciones de contratos de prestación de servicio, por otra parte, hubo un aumento en los movimientos de recursos físicos (bienes de consumo) por el ingreso de todos los operarios en el Jardín Botánico.;La Oficina Asesora de Planeación verifica soporte y coincide con el reporte y el análisis del indicador;100%;Marzo: Descripción: En el mes de marzo de 2023 se recibieron 34 paz y Salvos 20 Entradas al Almacén, 161 Salidas de Consumo, 12 Salidas al servicio Devolutivos, 88 Traslados entre funcionarios y 12 Reintegros Devolutivos. Análisis: Para el mes de marzo hubo una gran disminución de paz y salvos ya que la mayoria de contratos terminaron en el mes de enero y se empezo la nueva contratacion de prestación de servicios, por otra parte, no hubo mayor movimiento de recursos físicos (bienes de consumo).;La Oficina Asesora de Planeación verifica soporte y coincide con el reporte y el análisis del indicador;100%;En el mes de abril de 2023 se recibieron 31 paz y Salvos 11 Entradas al Almacén, 86 Salidas de Consumo, 5 Salidas al servicio Devolutivos, 24 Traslados entre funcionarios y 11 Reintegros Devolutivos. Análisis: Para el mes de abril hubo una gran disminución de paz y salvos ya que la mayoria de contratos terminaron en el mes de enero y se empezó la nueva contratacion de prestación de servicios, por otra parte, no hubo mayor movimiento de recursos físicos (bienes de consumo).;La Oficina Asesora de Planeación verifica soporte y coincide con el reporte y el análisis del indicador;100%;Descripción: En el mes de mayo de 2023 se recibieron 22 paz y Salvos , 12 Entradas al Almacén, 95 Salidas de Consumo, 13 Salidas al servicio Devolutivos, 43 Traslados entre funcionarios y 26 Reintegros Devolutivos. Análisis: Para el mes de mayo hubo una gran disminución de paz y salvos ya que la mayoría de contratos terminaron en el mes de enero y se empezó la nueva contratación de prestación de servicios, por otra parte, hubo mayor movimiento de recursos físicos (bienes de consumo) para el cumplimiento de metas de la Entidad.;La Oficina Asesora de Planeación verifica soporte y coincide con el reporte y el análisis del indicador;100%;Jun: Descripción: En el mes de junio de 2023 se recibieron 28 paz y Salvos 8 Entradas al Almacén, 100 Salidas de Consumo, 32 Salidas al servicio Devolutivos, 32 Traslados entre funcionarios y 40 Reintegros Devolutivos. Análisis: Para el mes de junio hubo una gran disminución de paz y salvos ya que la mayoría de contratos terminaron en el mes de enero y se empezó la nueva contratación de prestación de servicios, por otra parte, hubo mayor movimiento de recursos físicos (bienes de consumo) para el cumplimiento de metas de la Entidad.;La Oficina Asesora de Planeación verifica soporte y coincide con el reporte y el análisis del indicador;0%;;;0%;;;0%;;;0%;;;0%;;;0%;;;No aplica
FIS-02;Porcentaje de depuración de bienes inservibles u obsoletos;Activo;Revisar y depurar los bienes inservibles o sin uso de la entidad para paso a destinación final, confirmado a través de la resolución de aprobación de bajas;Secretaría General;Gestión de Recursos Físicos;Administrar, gestionar y custodiar los recursos físicos a cargo del Jardín Botánico José Celestino Mutis;Adminsitrador Del Sistema / Profesional Especializado;Eficacia;Creciente;Anual;•Resolución de baja -Relación de bienes para baja;100;Número;9/05/2023;(Total bienes inversibles o sin uso para baja o traslado aprobados por resolución/ No de bienes inservibles o sin uso para baja o traslado a otra entidad ) *100%;0%;;;;;;;;;;;;;;;;;;;;;;;;;;;;;;;;;;;;No aplica
FIS-03;Solicitudes resueltas por mantenimiento;Activo;Determinar el porcentaje de solicitudes resueltas por el equipo de mantenimiento con respecto a las solicitudes recibidas;Secretaría General;Gestión de Recursos Físicos;Administrar, gestionar y custodiar los recursos físicos a cargo del Jardín Botánico José Celestino Mutis;Adminsitrador Del Sistema / Profesional Especializado;Eficacia;Creciente;Mensual;•Datos e información de mesa de ayuda;100;Número;9/05/2023;(Número de solicitudes resueltas por mantenimiento/Número total de solicitudes recibidas por mantenimientos) *100;100%;Durante en el periodo comprendido del 01 al 31 de enero del 2023 se atendieron 36 incidencias de mantenimiento de la infraestructura fisica del Jardín Botánico las cuales fueron: Adecuación de cara bolla de secretaría, mantenimiento de pintura y cambio de policarbonato,Arreglo de corto de la oficina de nodos en agricultura,Cambio de flotador eléctrico de bomba de nivel freático del herbario,Construcción adecuación de baño de la subdirección de técnica,Construcción de baño del área de técnica colocando techo en drywall y sentado el piso,Limpieza de cubiertas de técnica cafeteria y baños publicos,Terminación de pañete de mesones de vivero,Construcción de filtro en la cafeteria,El cambio de 16 luminarias led de circulación del centro de eventos,Mantenimiento de tablero de control de distribución eléctrico,Limpieza de cocina del restaurante con desengrasantes y removedor techos paredes mesón y piso,Instalación hidráulica para el baño de técnica y bayetilla,Se anexa evidencia de los mantenimientos nombrados anteriormente del mes de enero del 2023;La Oficina Asesora de Planeación verifica soporte y coincide con el reporte y el análisis del indicador;100%;Durante en el periodo comprendido del 01 al 28 de febrero del 2023 se atendieron 30 incidencias de mantenimiento de la infraestructura fisica del Jardín Botánico las cuales fueron: Construcción de sendero peatonal parqueadero,Adecuación eléctricas de los baños de caferería,Adecuación y ampliación de cuarto de bodega de la troya,Incidencias de lavamanos de baños de científica ,Mantenimiento de cubiertas,Mantenimiento eléctrico recamara de frente a aula multifuncional Reconstrucción de bordillo sendero peatonal,Mantenimiento de sillas de estar en agricultura,Adecuación de espacio de sillas de atención al ciudadano,Adecuación de modulo de cafetería zona técnica,Terminación de adecuación de cafetería Reparación de puerta de contenedor en casa vieja,Instalación de extintores Cambio de luminarias para evento de dirección,Instalación de cantonera eléctrica de dirección,Cambio de luminarias en contenedores de técnica,Se anexa evidencia de los mantenimientos nombrados anteriormente del mes de enero del 2023 Se anexa evidencias de los reportes y de los mantenimientos realizados;La Oficina Asesora de Planeación verifica soporte y coincide con el reporte y el análisis del indicador;100%;Durante en el periodo comprendido del 01 al 31 de marzo del 2023 se atendieron 45 incidencias de mantenimiento de la infraestructura fisica del Jardín Botánico las cuales fueron: Inicio y continuación de mantenimiento de biblioteca,Mantenimiento de bombas sumergibles de herbario,Cambio de toma corriente en cafetería de científica,Mantenimiento de muro periemtral de corresponsal con sus respectivas sillas de estar,Mantenimiento perimetral de fachada,Construcción de ventilación de baño de cafetería,Mantenimiento interior de almacén,Mantenimiento de puente de guadua,Limpieza y impermeabilizante de cubierta,Reparación de tubo roto del contador de riego en el invernadero de semillas en agriculturas urbana,Instalación de estanterías en metro sur,Mantenimiento de cubierta de biblioteca ,Instalación de carpas de jardín Nocturno,Se anexa evidencia de los mantenimientos nombrados anteriormente del mes de marzo del 2023,Se anexa evidencias de los reportes y de los mantenimientos realizados;La Oficina Asesora de Planeación verifica soporte y coincide con el reporte y el análisis del indicador;100%;Durante en el periodo comprendido del 01 al 30 de abril del 2023 se atendieron 48 incidencias de mantenimiento de la infraestructura física del Jardín Botánico las cuales fueron: Restauración de estructuras de peceras Demolición de muro perimetral oficina administrativa Inspección adecuación y mantenimiento de tubería de trampa de grasas Mejoramiento e mantenimiento al sistema eléctrico de taquilla Instalación de tapa de cemento en los perimetrales del jardín Botánico Adecuación y terminación de silla de estar en la trocha Adecuación y restauración de oficina de almacén Adecuación y restauración de oficina de nodos Instalación de nevera en el contenedor de avenidas rojas Instalación de mueble en el contenedor de avenido rojas Instalación de tubería para agua en el lavamanos solicitado Se realiza mantenimiento de cambio de dos ruedas de sillas de la oficina del ingeniero Germán Mantenimiento y adecuación de cuarto de vigilancia Cambio de luminaria en la oficina de jurídica Construcción e instalación de tapas de cajas de desagües en técnica Apoyo a la subdirección técnica para construcción de tanque de lixiviados Suministro e instalación de plástico de cubierta en el túnel de preparación Mantenimiento de fachada interna en secretaria general Mantenimiento correctivo en la reinstalación de luminarias Mantenimiento de limpieza del cárcamo del herbario Instalación de carpas de jardín Nocturno Se anexa evidencia de los mantenimientos nombrados anteriormente del mes de abril del 2023 Se anexa evidencias de los reportes y de los mantenimientos realizados Se anexa cronograma de actividades y con los responsables de cada actividad.;La Oficina Asesora de Planeación verifica soporte y coincide con el reporte y el análisis del indicador;100%;Durante en el periodo comprendido del 01 al 31 de mayo del 2023 se atendieron 50 incidencias de mantenimiento de la infraestructura física del Jardín Botánico las cuales fueron: -Mantenimiento del piso del laboratorio de especies -Terminación de adecuación de estanterías en metro sur -Mantenimiento de sanitario del baño de agricultura -mantenimiento de los sifones de casa vieja y caja de trampa -Traslado de bici parqueadero -Instalación del contador para el horno de secado para tierra -Mejoramiento de la iluminación en taquilla -Retiro de cableado del jardín de noche -Cambio de clavija de tomas corrientes del laboratorio -Revisión del tablero eléctrico y el cambio de una llave de jardinería -Mejoramiento de la iluminación en comunicaciones -Reubicación de la poceta en llave de jardinería -Mejoramiento de la iluminación en el compost -Mejoramiento de la iluminación en cafetería -Mejoramiento de la iluminación en el herbario -Cambio de pizarra en el almacén -Cambio de llave de jardinería en laboratorio de científica -Instalación de cubierta en el hangar de casa vieja -Construcción de tapas del cárcamo de casa vieja -Mantenimiento de tanques subterráneos del herbario -Mantenimiento de toma corriente en la oficina jurídica -Mantenimiento correctivo de maquinaria de técnica -Construcción de canecas -Instalación eléctrica de taller de mantenimiento -Mantenimiento de caseta de comidas -Mantenimiento de cubiertas de la entrada principal -Se anexa evidencia de los mantenimientos nombrados anteriormente del mes de abril del 2023 -Se anexa evidencias de los reportes y de los mantenimientos realizados -Se anexa cronograma de actividades y con los responsables de cada actividad.;La Oficina Asesora de Planeación verifica soporte y coincide con el reporte y el análisis del indicador;100%;Durante en el periodo comprendido del 01 al 30 de junio del 2023 se atendieron 48 incidencias de mantenimiento de la infraestructura física del Jardín Botánico las cuales fueron: Instalación de persianas en la oficina de técnica Adecuación en la oficina de secretaria primera parte Cambio de chapa en el baño de mujeres de técnica Mantenimiento de cubiertas y cárcamos de JBB Cambio de policarbonato en la oficina de nodos de la subdirección educativa Cambio de policarbonato en el laboratorio de la subdirección científica Traslado de canaleta y cableado eléctrico de la oficina de planeación Construcción de cerramiento del tanque de lixiviados Mantenimiento de baños de almacén Reparación de corto circuito que se presento en caseta de vigilancia del parqueadero Instalación de luminarias exteriores en el área del sistemático Construcción e instalación de la puerta de taquilla Cambio de clavija en el laboratorio de científica Impermeabilización de cubierta del área del sistemático Construcción de cubierta de cafetería en técnica Mantenimiento del sistema eléctrico de los contenedores de casa vieja Arreglo eléctrico causado por la ambulancia en el contenedor ubicado en la entrada de la avenida rojas Cambio de llave de push de lavamanos Cambio de dos push de sanitarios en los baños de almacén Mantenimiento de plantas eléctricas Instalación de vidrios de taquilla Mantenimiento de mesas de la cafetería de la trocha Cambio de bisagras de parches en la puerta de las cocinas en el herbario Mejoramiento de iluminación del herbario Mantenimiento de puertas del centro de eventos Mantenimiento de tanque del herbario Impermeabilización del sifón y la canal del herbario Instalación de dispensador de turnos en atención al ciudadano Soldadura de puerta del parqueadero Instalación de tomas corrientes para los bici parqueaderos Cambio de llave de jardinería Mantenimiento de columna de entrada principal Mantenimiento de puerta de cafetería de técnica Independización de circuitos de alumbrado de jurídica y comunicaciones Reparación de alumbrado en comunicación Cambio de luminaria en el área de biblioteca Mantenimiento al compresor del vivero Cambio de interruptor en el área del herbario Instalación de tres termohigrometros en los laboratorios de cientifíca Instalación de luminarias en el baño de la zona infantil Limpieza de filtros de llaves de los laboratorios de cientifíca Mantenimiento de sellamiento de vidrios Mantenimiento de cerradura de la puerta del herbario Adecuación de oficina de secretaría general Mantenimiento de refuerzo de soldadura de maquinaria de la subdirección técnica Mantenimiento e instalación del jardín Nocturno Cambio de posición de televisión entrada principal Instalación de puerta del baño de la subdirección técnica Se anexa evidencia de los mantenimientos nombrados anteriormente del mes de junio del 2023 Se anexa evidencias de los reportes y de los mantenimiento;La Oficina Asesora de Planeación verifica soporte y coincide con el reporte y el análisis del indicador;0%;;;0%;;;0%;;;0%;;;0%;;;0%;;;No aplica
GTH-01;Plan de Seguridad y Salud en el Trabajo-Proceso;Activo;Medir el cumplimiento del Plan de Seguridad y Salud en el Trabajo con el propósito de hacer seguimiento a las actividades previstas en la programación realizada al inicio de la vigencia;Secretaría General;Gestión del Talento Humano;Planear, organizar, ejecutar y controlar las acciones que promuevan la provisión y desarrollo del talento humano, a través del fortalecimiento de las competencias laborales, los planes de bienestar y seguridad y salud en el trabajo, así como la gestión de situaciones administrativas que se generen en el ingreso, permanencia o retiro del personal de la Entidad.;Adminsitrador Del Sistema / Profesional Especializado;Eficacia;Creciente;Trimestral;•V1. Cronograma de actividades previstas en el Plan de Seguridad y Salud en el trabajo, convocatorias realizadas a los diferentes eventos;85;Número;9/05/2023;( # de actividades realizadas/ # de actividades programadas ) *100;;;;;;;90%;Enero - marzo: Los planes de trabajo de SST, fueron aprobados bajo el acto administrativo Resolución 26 del 31 de enero de 2023 Por la cual se adoptan los planes Institucionales y Estratégicos del Talento Humano y el Plan institucional de Archivos PINAR del Jardín Botánico de Bogotá José Celestino Mutis para la vigencia 2023. Para el primer trimestre se programaron diez (10) actividades, las cuales se ejecutaron solo nueve (9) La actividad pendiente por ejecutar fue la de Mediciones ambientales /según priorización en Matriz de Peligros/Sonometrías, la cual se encuentra en diagnostico en el mes de marzo por parte de un profesional de ARL, para determinar mediciones a realizar, por lo cual la entidad remitió por correo electrónico (matriz de identificación de peligros, mediciones de vigencias anteriores, descripción de actividades, fichas de seguridad de agroinsumos y matriz de EPP.;La Oficina Asesora de Planeación verifica soporte y coincide con el reporte y el análisis del indicador;;;;;;;91,67%;Abril - Junio De acuerdo al plan anual de seguridad y salud en el trabajo para la presente vigencia, se desarrollaron un total de 11 actividades programadas. Para el segundo trimestre se programaron diez (12) actividades, las cuales se ejecutaron diez (10) y se ejecuto la actividad que esta pendiente del primer trimestre diagnostico el desarrollo de las Mediciones ambientales /según priorización en Matriz de Peligros/Sonometrías Las actividades que no se pudieron desarrollar fueron Realizar plan de trabajo de acuerdo con los resultados de la Batería, lo anterior que se inicio las encuestas en el mes de Junio y Inspecciones de puesto de trabajo a cargos operativos, por lo anterior se ejecutarán en el siguiente trimestre.;La Oficina Asesora de Planeación verifica soporte y coincide con el reporte y el análisis del indicador;;;;;;;0%;;;;;;;;;0%;;;No aplica
GTH-02;Cumplimiento del Plan Institucional de Capacitación (PIC);Activo;Medir el cumplimiento de la ejecución de las actividades programadas en el PIC, con base en el diagnóstico de necesidades determinado a través de los Proyectos de Aprendizaje en Equipo;Secretaría General;Gestión del Talento Humano;Planear, organizar, ejecutar y controlar las acciones que promuevan la provisión y desarrollo del talento humano, a través del fortalecimiento de las competencias laborales, los planes de bienestar y seguridad y salud en el trabajo, así como la gestión de situaciones administrativas que se generen en el ingreso, permanencia o retiro del personal de la Entidad.;Adminsitrador Del Sistema / Profesional Especializado;Eficacia;Creciente;Trimestral;•V1. Listados de asistencia a capacitaciones •V.2. Cronograma del Plan Institucional de Capacitación;100;Número;9/05/2023;(# de capacitaciones realizadas / # de capacitaciones programadas) * 100;;;;;;;88,89%;De las capacitaciones previstas en el cronograma dispuesto para el primer trimestre 2023, no se pudo efectuar la inducción a los colaboradores de la entidad, toda vez que se está en el proceso de consolidar las presentaciones ajustadas de las diferentes dependencias.;Conforme a lo anterior, desde la segunda línea recomendamos que las acciones que se propongan por parte de la primera línea dentro de la acción de corrección establecida, sean incluidas dentro de un plan de Mejoramiento por Procesos de la entidad, debido a los resultados obtenidos durante la vigencia anterior y en el primer trimestre de la presente vigencia. Se realizará mesa de trabajo con el proceso en el mes de Junio para evaluar el resultado y la sugerencia propuesta desde la segunda línea.;;;;;;;91,67%;De las capacitaciones previstas en el cronograma dispuesto para el segundo trimestre 2023, no se pudo efectuar las siguientes capacitaciones: 1. Ecosistemas y biodiversidad, debido a disponibilidad de tiempo del expositor. se reprograma para el 3er trimestre 2023. 2. capacitación de Coaching, debido a que el proceso contractual se encuentra en curso. El proceso de inducción y reinducción pendiente de realizar en el 1er trimestre se efectuó en los meses de abril y mayo, respectivamente.;La Oficina Asesora de Planeación verifica soporte y coincide con el reporte y el análisis del indicador. Dentro del análisis hizo falta indicar la acción de corrección debido al periodo satisfactorio obtenido.;;;;;;;0%;;;;;;;;;0%;;;No aplica
GTH-03;Plan de Capacitación en Seguridad y Salud en el trabajo-Proceso;Activo;Medir el cumplimiento de la ejecución de las actividades programadas en el Plan Anual de Capacitación de Seguridad y Salud en el Trabajo, con base en el diagnóstico de necesidades determinado a través del Sistema de Gestión en Seguridad y Salud en el trabajo;Secretaría General;Gestión del Talento Humano;Planear, organizar, ejecutar y controlar las acciones que promuevan la provisión y desarrollo del talento humano, a través del fortalecimiento de las competencias laborales, los planes de bienestar y seguridad y salud en el trabajo, así como la gestión de situaciones administrativas que se generen en el ingreso, permanencia o retiro del personal de la Entidad.;Adminsitrador Del Sistema / Profesional Especializado;Eficacia;Creciente;Trimestral;•V1. Listados de asistencia a capacitaciones •V.2. Cronograma del Plan de Capacitación en Seguridad y salud en el trabajo;85;Número;11/05/2023;(# de capacitaciones realizadas / # de capacitaciones programadas) * 100;;;;;;;90%;Para la vigencia del año 2022, se realizo una autoevaluación del cumplimiento de los estándares mínimos del SG-SST en el mes de diciembre de 2022 obteniendo una puntuación del 90% de cumplimiento con valoración de aceptable. Se identificaron (3) tres hallazgos por mejorar entre los que se encuentran asignación revision y actualización de la politica de seguridad y salud en el trabajo y socializarla al COPASST,realizacion de mediciones ambientales, actualizacion de los controles implementados y que se requiere implementar conforme al plan de trabajo anual y establecer plan de accion conforme a la revision por la direccion.;La Oficina Asesora de Planeación verifica soporte y coincide con el reporte y el análisis del indicador;;;;;;;100%;Abril-Junio: De acuerdo al plan anual de seguridad y salud en el trabajo para la presente vigencia, se desarrollaron un total de 14 actividades programadas, las cuales se ejecutaron un 100%.Así mismo, se realizó la semana de salud, donde se desarrollaron actividades de salud, bienestar y prevención de AT con entidades como ( IDRD, ARL, EPS, Emermédica , EMI y Jornadas de salud) Finalmente desde SST se han fortalecido charlas en prevención de riesgo a nivel operativo en campo y pausas activas musicalizadas.;"a Oficina Asesora de Planeación verifica soporte y coincide con el reporte y el análisis del indicador. Los soportes reflejan el análisis presentado; sin embargo, no presentaron la fuente de información V.2. Cronograma del Plan de Capacitación en Seguridad y salud en el trabajo";;;;;;;0%;;;;;;;;;0%;;;No aplica
DOC-01;Transferencias Documentales Primarias;Activo;Medir la entrega oportuna de las transferencias documentales primarias por parte de las dependencias de la entidad, teniendo en cuenta el cronograma aprobado en el Plan de Transferencias Documentales por el respectivo Comité.;Secretaría General;Gestión Documental;Organizar el acumulado documental de propiedad del Jardín Botánico para garantizar la oportuna disposición de cualquier documento en tiempo real, como apoyo administrativo para el cumplimiento de los objetivos misionales y el normal funcionamiento de los procesos de la Entidad.;Adminsitrador Del Sistema / Profesional Especializado;Eficacia;Creciente;Trimestral;•V1. Registro de la solicitud •V.2 Planilla de control;89;Cantidad;8/05/2023;(Transferencias documentales realizadas al Archivo Central / Transferencias documentales programadas y aprobadas en el Plan)*100;;;;;;;100%;1er. Trimestre (Enero - Marzo) Descripción: Durante los meses de enero, febrero y marzo se programó y socializó el cronograma de transferencias documentales, previa concertación con las dependencias del Jardín Botánico resultado de ello las siguientes dependencias solicitaron prorroga:Contabilidad, Cientifica, Oficina asesora de planeación y Oficina Jurídica. De acuerdi a lo anterior, las transferencias que se tienen en cuenta para este trimestre son 2, a cargo de la oficina de Tesorería, la Subdirección Educativa y comunicaciones. De las dependencias programadas para el mes de febrero, la Oficina de Tesorería realizó transferencia documental y para el mes de marzo la Subdirección Educativa y comunicaciones. Análisis: Durante el trimestre reportado se recibe transferencia documental por parte de la oficina de Tesorería, la Subdirección Educativa y comunicaciones.;La Oficina Asesora de Planeación verifica soporte y coincide con el reporte y el análisis del indicador;;;;;;;100%;Descripción: Durante los meses de abril, mayo y junio se programó y socializó el cronograma de transferencias documentales, previa concertación con las dependencias del Jardín Botánico resultado de ello las siguientes dependencias solicitaron prorroga:Contabilidad, Científica, Oficina asesora de planeación, sistemas, Oficina Jurídica, Talento Humano y Atención al Ciudadano.. De acuerdo a lo anterior, las transferencias que se tienen en cuenta para este trimestre son 11. Análisis: Durante el trimestre reportado se recibe transferencia documental por parte de Oficina Jurídica, Oficina de Control Interno, Sistemas, Subdirección Científica, Seguridad y Salud en el Trabajo, Atención al Ciudadano, Herbario, Almacén, Subdirección Técnica Operativa, Vivero la Florida y Oficina de Arborización.;La Oficina Asesora de Planeación verifica soporte y coincide con el reporte y el análisis del indicador;;;;;;;0%;;;;;;;;;0%;;;No aplica
DOC-02;Gestión, trámite y cierre de comunicaciones oficiales;Activo;Generar alertas respecto a la adecuada gestión, trámite y cierre de las comunicaciones oficiales internas y externas;Secretaría General;Gestión Documental;Organizar el acumulado documental de propiedad del Jardín Botánico para garantizar la oportuna disposición de cualquier documento en tiempo real, como apoyo administrativo para el cumplimiento de los objetivos misionales y el normal funcionamiento de los procesos de la Entidad.;Adminsitrador Del Sistema / Profesional Especializado;Eficacia;Creciente;Mensual;•V1. Software de Gestion Documental •V.2 Planillas de Control •V.3 Informes Gestión de Correspondenica;100;Número;8/05/2023;(Número Comunicaciones oficiales cerradas en el software de correspondencia / Comunicaciones oficiales recibidas y asignadas en el software de correspondencia ) *100;69,53%;Enero Descripción: Se recibieron 653 comunicaciones oficiales y estas fueron radicadas en el aplicativo GEA de las cuales 454 fueron finalizadas. Análisis: Durante el mes de enero se gestionó por parte de las dependencias del JBB el 70% del total de registros de las comunicaciones oficiales. Adicionalmente es preciso señalar que la Secretaría General proceso de Gestión Documental hace seguimiento de los radicados por medio de informe y memorando interno, solicitando a las áreas el cierre de las comunicaciones a fin de generar las alertas sobre la respuesta oportuna de la correspondencia y el cierre de registros en el aplicativo. Accion Correctiva Análisis de causas: 1. Falta de trámite oportuno para el cierre de las comunicaciones por parte de las dependencias 2. Debilidad en dar respuesta en los términos del las comunicaciones oficiales por parte de cada dependencia 3. Algunas comunicaciones oficiales se radican a final de mes, por lo tanto, estas se encuentran en término para dar respuesta Causa Raiz: No se dio cierre oportuno a 199 comunicaciones oficiales en los tiempos establecidos Descripción de la actividad: El cierre de los 199 radicados de comunicaciones oficiales quedarán para el mes de febrero 1/02/2023 al 28/02/2023;Desde la segunda línea reiteramos la recomendación realizada en el informe del cuarto trimestre de la vigencia 2022, en el cual sugerimos que las acciones que se propongan por parte de la primera línea dentro de la acción correctiva establecida, sean incluidas dentro de un plan de Mejoramiento por Procesos de la entidad, debido a los resultados obtenidos durante la vigencia 2022.;72,94%;Febrero Descripción: Se recibieron 776 comunicaciones oficiales y estas fueron radicadas en el aplicativo GEA de las cuales 566 fueron finalizadas. Análisis: Durante el mes de enero se gestionó por parte de las dependencias del JBB el 73% del total de registros de las comunicaciones oficiales. Adicionalmente es preciso señalar que la Secretaría General proceso de Gestión Documental hace seguimiento de los radicados por medio de informe y memorando interno, solicitando a las áreas el cierre de las comunicaciones a fin de generar las alertas sobre la respuesta oportuna de la correspondencia y el cierre de registros en el aplicativo. Accion Correctiva Análisis de causas: 1. Falta de trámite oportuno para el cierre de las comunicaciones por parte de las dependencias 2. Debilidad en dar respuesta en los términos del las comunicaciones oficiales por parte de cada dependencia 3. Algunas comunicaciones oficiales se radican a final de mes, por lo tanto, estas se encuentran en término para dar respuesta Causa raíz: No se dio cierre oportuno a 210 comunicaciones oficiales en los tiempos establecidos Descripción de la actividad: El cierre de los 210 radicados de comunicaciones oficiales quedarán para el mes de marzo 1/03/2023 al 15/03/2023;Desde la segunda línea reiteramos la recomendación realizada en el informe del cuarto trimestre de la vigencia 2022, en el cual sugerimos que las acciones que se propongan por parte de la primera línea dentro de la acción correctiva establecida, sean incluidas dentro de un plan de Mejoramiento por Procesos de la entidad, debido a los resultados obtenidos durante la vigencia 2022.;78,47%;Marzo Descripción: Se recibieron 915 comunicaciones oficiales y estas fueron radicadas en el aplicativo GEA de las cuales 718 fueron finalizadas. Análisis: Durante el mes de enero se gestionó por parte de las dependencias del JBB el 78% del total de registros de las comunicaciones oficiales. Adicionalmente es preciso señalar que la Secretaría General proceso de Gestión Documental hace seguimiento de los radicados por medio de informe y memorando interno, solicitando a las áreas el cierre de las comunicaciones a fin de generar las alertas sobre la respuesta oportuna de la correspondencia y el cierre de registros en el aplicativo. Accion Correctiva Análisis de causas: 1. Algunas comunicaciones oficiales se radican a final de mes, por lo tanto, estas se encuentran en término para dar respuesta. 2. Debilidad en dar respuesta en los términos del las comunicaciones oficiales por parte de cada dependencia 3. Falta de trámite oportuno para el cierre de las comunicaciones por parte de las dependencias Causa Raíz: No se dio cierre oportuno a 197 comunicaciones oficiales en los tiempos establecidos Descripción de actividades: El cierre de los 197 radicados de comunicaciones oficiales quedarán finalizados para el mes de abril 1/04/2023 al 30/04/2023;Desde la segunda línea reiteramos la recomendación realizada en el informe del cuarto trimestre de la vigencia 2022, en el cual sugerimos que las acciones que se propongan por parte de la primera línea dentro de la acción correctiva establecida, sean incluidas dentro de un plan de Mejoramiento por Procesos de la entidad, debido a los resultados obtenidos durante la vigencia 2022.;105,64%;Descripción: Se recibieron 674 comunicaciones oficiales radicadas en el aplicativo GEA de las cuales 519 fueron finalizadas. A su vez y producto del seguimiento a los radicados del mes de marzo, se observa que fueron finalizados 193 radicados en el aplicativo GEA, lo que determina un porcentaje de cumplimiento del 105.64%. Análisis: Durante el mes de abril se gestionó por parte de las dependencias del JBB el 105.64% del total de registros de las comunicaciones oficiales. Adicionalmente es preciso señalar que la Secretaría General proceso de Gestión Documental hace seguimiento de los radicados por medio de informe y memorando interno, solicitando a las áreas el cierre de las comunicaciones a fin de generar las alertas sobre la respuesta oportuna de la correspondencia y el cierre de registros en el aplicativo. Adicionalmente desde la Ventanilla de correspondencia se realiza seguimiento y reporte a las dependencia de manera semanal, con el propósito de alertar la gestión oportuna de las comunicaciones oficiales.;La Oficina Asesora de Planeación verifica soporte y coincide con el reporte y el análisis del indicador;179,73%;Mayo Descripción: Se recibieron 829 comunicaciones oficiales radicadas en el aplicativo GEA de las cuales 744 fueron finalizadas hasta el momento de generación del reporte , pendiente por tramitar 85 comunicaciones. A su vez y producto del seguimiento realizado a los radicados del mes de abril y mayo, se observa que fueron finalizados en total 1.490 radicados en el aplicativo GEA, lo que determina un porcentaje de cumplimiento del 1,078%. Análisis: Durante el mes de abril y mayo se gestionó por parte de las dependencias del JBB el 1,078% del total de registros de las comunicaciones oficiales. Adicionalmente, es preciso señalar que la Secretaría General proceso de Gestión Documental hace seguimiento de los radicados por medio de informe mensual y memorando interno, solicitando a las áreas el cierre de las comunicaciones a fin de generar las alertas sobre la respuesta oportuna de la correspondencia y el cierre de registros en el aplicativo. A su vez ,desde la Ventanilla de correspondencia se realiza seguimiento y reporte a las dependencia de manera semanal, con el propósito de alertar la gestión oportuna de las comunicaciones oficiales.;Los datos reportados en las variables y en el análisis del indicador no coinciden, el soporte excel no refleja los datos reportados y el informe de GEA tiene cifras que no concuerdan.;86,79%;Descripción: Se recibieron 848 comunicaciones oficiales radicadas en el aplicativo GEA de las cuales 656 fueron finalizadas hasta el momento de generación del reporte, pendiente por tramitar 192 comunicaciones. A su vez y producto del seguimiento realizado a los radicados del mes de Mayo, se observa que fueron finalizados 80 radicados que estaban en trámite en el aplicativo GEA, lo que determina un porcentaje de cumplimiento del 87%. Análisis: Durante el mes de mayo y junio se gestionó por parte de las dependencias del JBB el 87% del total de registros de las comunicaciones oficiales, estando en trámite 5 radicados del mes de mayo. Adicionalmente, es preciso señalar que la Secretaría General proceso de Gestión Documental hace seguimiento de los radicados por medio de informe mensual y memorando interno, solicitando a las áreas el cierre de las comunicaciones a fin de generar las alertas sobre la respuesta oportuna de la correspondencia y el cierre de registros en el aplicativo. A su vez ,desde la Ventanilla de correspondencia se realiza seguimiento y reporte a las dependencia de manera semanal, con el propósito de alertar la gestión oportuna de las comunicaciones oficiales.;La Oficina Asesora de Planeación verifica soporte y coincide con el reporte y el análisis del indicador. Se recomienda que las solicitudes cerradas de meses diferentes al periodo de reporte, se vean reflejadas en los soportes que se presenten.;0%;;;0%;;;0%;;;0%;;;0%;;;0%;;;No aplica
JUR-01;Procesos Judiciales;Activo;Establecer el grado de eficacia de la Oficina Asesora Jurídica en atención de Procesos Judiciales;Oficina Asesora Jurídica;Jurídico;Brindar una adecuada operativización de los trámites establecidos legalmente para adelantar la contratación de los bienes y servicios que requiere la entidad para el cabal cumplimiento de su objeto misional, a través de las diferentes tipologías contractuales previstas en la ley.;Adminsitrador Del Sistema / Profesional Especializado;Eficacia;Creciente;Semestral;•Plataforma SIPROJ WEB;100;Número;8/05/2023;(Número de Procesos Judiciales atendidos / Número de Procesos Judiciales notificados) X 100;;;;;;;;;;;;;;;;85,71%;Teniendo en cuenta la dinámica y la manera como opera el ejercicio de defensa judicial y que depende de un tercero, luego de validar el informe de procesos judiciales notificados y atendidos remitido por el abogado a cargo del proceso, el desempeño de la Oficina Jurídica fue sobresaliente en este período, toda vez se atendieron las solicitudes allegadas durante el periodo en los tiempos establecidos.;La Oficina Asesora de Planeación verifica soporte y coincide con el reporte y el análisis del indicador. Se sugiere que la descripción incluya cantidades para que quede más clara la información;;;;;;;;;;;;;;;;0%;;;No aplica
JUR-02;Gestión Comité de Conciliación;Activo;Establecer el grado de eficiencia de las decisiones que toma el comité de conciliación de manera retroactiva;Oficina Asesora Jurídica;Jurídico;Brindar una adecuada operativización de los trámites establecidos legalmente para adelantar la contratación de los bienes y servicios que requiere la entidad para el cabal cumplimiento de su objeto misional, a través de las diferentes tipologías contractuales previstas en la ley.;Adminsitrador Del Sistema / Profesional Especializado;Eficacia;Creciente;Anual;•Actas comité de Conciliación;100;Número;8/05/2023;(Número de Desición acertada del Comité de Conciliación / Número de Sentencia Ejecutoria) X 100;0%;;;;;;;;;;;;;;;;;;;;;;;;;;;;;;;;;;;;No aplica
JUR-03;Prevención y Daño antijuridico;Activo;Establecer el grado de eficacia en cuanto a los resultados obtenidos luego de la adopción de la política de prevención del daño antijurídico.;Oficina Asesora Jurídica;Jurídico;Brindar una adecuada operativización de los trámites establecidos legalmente para adelantar la contratación de los bienes y servicios que requiere la entidad para el cabal cumplimiento de su objeto misional, a través de las diferentes tipologías contractuales previstas en la ley.;Adminsitrador Del Sistema / Profesional Especializado;Eficacia;Creciente;Semestral;•Plataforma SIPROJ WEB;50;Cantidad;8/05/2023;(Sentencias ejecutoriadas a favor de JBB / Total sentencias ejecutoriadas en el año judicial) X 100;;;;;;;;;;;;;;;;100%;Para el periodo abril - junio, no se recibieron sentencias ejecutorias ni a favor, ni en contra de la Entidad, teniendo en cuenta la dinámica y la manera como opera el ejercicio de defensa judicial y que depende de un tercero, luego de validar el informe de SIPROJ WEB, la Entidad no ha recibido en el periodo ?????????????? sentencias ejecutorias ni a favor, ni en contra.;La Oficina Asesora de Planeación verifica soporte y coincide con el reporte y el análisis del indicador;;;;;;;;;;;;;;;;0%;;;No aplica
SAC-01;Seguimiento a PQRS Tramitadas;Activo;Realizar seguimiento a las respuestas de PQRS tramitadas dentro de los terminos establecidos;Secretaría General;Servicio al Ciudadano;Gestionar la atención y respuesta a los requerimientos ciudadanos presentados a través de los diferentes canales de interacción establecidos.;Adminsitrador Del Sistema / Profesional Especializado;Eficacia;Creciente;Trimestral;•V.2 Detalle de Requerimientos por Canal •V.3 Sistema Distrital de Quejas y Solucioines;100;Número;8/05/2023;(PQRS tramitadas en los términos de ley / PQRS respondidas en el periodo) *100;;;;;;;98,99%;Del 1 de enero al 31 de marzo de 2023, del consolidado de los reportes mensuales del sistema Bogotá te escucha se evidencia que el Jardín Botánico José Celestino Mutis finalizó en el periodo 592 PQRSD con la siguiente tipología y cantidad: Solicitud de Acceso a la Información: 244 Derecho de Petición de Interés General: 76 Derecho de Petición de Interés Particular: 181 Denuncias por posibles actos de corrupción: 1 Reclamos: 23 Sugerencias: 23 Consultas: 16 Queja: 10 Felicitación: 18 Anáslisis: A la fecha 31 de marzo de 2023 de acuerdo con la información de los reportes de PQRSD recibidos al periodo se evidencian con Gestión Oportuna 586 PQRSD que corresponde 98,99% del total de los requerimientos finalizados. En el periodo se finalizó a destiempo requerimientos con la modalidad de Reclamo, corresponde al 1,01%.;La Oficina Asesora de Planeación verifica soporte y coincide con el reporte y el análisis del indicador;;;;;;;100%;Del 1 de abril al 30 de junio de 2023, del consolidado de los reportes mensuales del sistema Bogotá te escucha se evidencia que el Jardín Botánico José Celestino Mutis finalizó en el periodo 456 PQRSD con la siguiente tipología y cantidad: Solicitud de Acceso a la Información: 138 Derecho de Petición de Interés General: 104 Derecho de Petición de Interés Particular: 163 Denuncias por posibles actos de corrupción: 1 Reclamos: 6 Sugerencias: 17 Consultas: 13 Queja: 9 Felicitación: 5 Análisis: A junio 30 de junio de 2023, de acuerdo con la información de los reportes de PQRSD consolidado, recibidos al periodo, se evidencian con Gestión Oportuna 456PQRSD que corresponde 100,00% del total de los requerimientos finalizados. En el reporte de PQRS se observan 2 peticiones con los números 746562023 y 255922023 con la modalidad de Interés General y Particular con gestión extemporánea, no obstante las peticiones fueron atendidas dentro de los términos de ley por el Jardín Botánico. Se detalla trazabilidad de las peticiones: Las peticiones ingresaron al Jardín Botánico por traslado de la Secretaría de Gobierno el 23 de febrero 2023. Las peticiones fueron finalizadas dentro de términos por parte del Jardín Botánico con cierre por no competencia el 6 de marzo 2023. Las peticiones reingresaron al Jardín Botánico el 11 de abril de 2023 por traslado por parte nuevamente de la Secretaría de Gobierno ya vencidas. El Jardín Botánico realizó gestión oportuna por lo cual se consideran atendidas dentro de los términos de ley.;La Oficina Asesora de Planeación verifica soporte y coincide con el reporte y el análisis del indicador;;;;;;;0%;;;;;;;;;0%;;;No aplica
